{
    "metadata": {
        "formatVersion": 3.1,
        "generatedBy": "Cinema 4D Exporter 0.0.3"
    },
    "vertices": [
        -136.309088,
        37.680665,
        -50.0,
        -37.680665,
        -136.309088,
        -50.0,
        136.309088,
        -37.680665,
        -50.0,
        37.680665,
        136.309088,
        -50.0,
        -0.0,
        -0.0,
        50.0
    ],
    "normals": [
        0.0,
        0.0,
        -1.0,
        0.348704,
        -0.615147,
        0.707107,
        0.615147,
        0.348704,
        0.707107,
        -0.348704,
        0.615147,
        0.707107,
        -0.615147,
        -0.348704,
        0.707107,
        0.0,
        0.0,
        -1.0
    ],
    "uvs": [
        [
            1.0,
            0.0,
            1.0,
            1.0,
            0.0,
            1.0,
            0.0,
            0.0,
            0.5,
            1.0
        ]
    ],
    "faces": [
        24,
        2,
        1,
        0,
        0,
        1,
        2,
        0,
        24,
        1,
        2,
        4,
        3,
        0,
        4,
        1,
        24,
        2,
        3,
        4,
        3,
        0,
        4,
        2,
        24,
        3,
        0,
        4,
        3,
        0,
        4,
        3,
        24,
        0,
        1,
        4,
        3,
        0,
        4,
        4,
        24,
        3,
        2,
        0,
        3,
        0,
        2,
        5
    ]
}