{
    "metadata": {
        "formatVersion": 3.1,
        "generatedBy": "Cinema 4D Exporter 0.0.3"
    },
    "vertices": [
        64.203952,
        126.007351,
        5.0,
        126.007351,
        -64.203952,
        5.0,
        -126.007351,
        64.203952,
        5.0,
        -64.203952,
        -126.007351,
        5.0,
        -126.007351,
        64.203952,
        -5.0,
        -64.203952,
        -126.007351,
        -5.0,
        64.203952,
        126.007351,
        -5.0,
        126.007351,
        -64.203952,
        -5.0,
        -54.573359,
        -107.106248,
        5.0,
        -107.106248,
        54.573359,
        -5.0,
        54.573359,
        107.106248,
        5.0,
        107.106248,
        -54.573359,
        -5.0,
        107.106248,
        -54.573359,
        5.0,
        -54.573359,
        -107.106248,
        -5.0,
        -107.106248,
        54.573359,
        5.0,
        54.573359,
        107.106248,
        -5.0,
        -54.573359,
        -107.106248,
        5.0,
        -107.106248,
        54.573359,
        5.0,
        107.106248,
        -54.573359,
        5.0,
        54.573359,
        107.106248,
        5.0,
        54.573359,
        107.106248,
        -5.0,
        -54.573359,
        -107.106248,
        -5.0,
        107.106248,
        -54.573359,
        -5.0,
        -107.106248,
        54.573359,
        -5.0
    ],
    "normals": [
        0.0,
        0.0,
        1.0,
        0.0,
        0.0,
        1.0,
        0.0,
        0.0,
        1.0,
        0.0,
        0.0,
        1.0,
        0.0,
        0.0,
        1.0,
        0.0,
        0.0,
        1.0,
        0.0,
        0.0,
        1.0,
        0.0,
        0.0,
        1.0,
        0.0,
        0.0,
        1.0,
        0.0,
        0.0,
        1.0,
        0.0,
        0.0,
        1.0,
        0.0,
        0.0,
        1.0,
        1.0,
        0.0,
        -0.0,
        1.0,
        0.0,
        -0.0,
        1.0,
        0.0,
        -0.0,
        0.0,
        0.0,
        -1.0,
        0.0,
        0.0,
        -1.0,
        0.0,
        0.0,
        -1.0,
        0.0,
        0.0,
        -1.0,
        0.0,
        0.0,
        -1.0,
        0.0,
        0.0,
        -1.0,
        0.0,
        0.0,
        -1.0,
        0.0,
        0.0,
        -1.0,
        0.0,
        0.0,
        -1.0,
        0.0,
        0.0,
        -1.0,
        0.0,
        0.0,
        -1.0,
        0.0,
        0.0,
        -1.0,
        0.0,
        0.0,
        -1.0,
        0.0,
        0.0,
        -1.0,
        0.0,
        0.0,
        -1.0,
        -1.0,
        0.0,
        -0.0,
        -1.0,
        0.0,
        -0.0,
        -1.0,
        0.0,
        -0.0,
        0.0,
        1.0,
        -0.0,
        0.0,
        1.0,
        -0.0,
        0.0,
        1.0,
        -0.0,
        0.0,
        -1.0,
        -0.0,
        0.0,
        -1.0,
        -0.0,
        0.0,
        -1.0,
        -0.0,
        -1.0,
        0.0,
        -0.0,
        -1.0,
        0.0,
        -0.0,
        -1.0,
        0.0,
        -0.0,
        1.0,
        0.0,
        -0.0,
        1.0,
        0.0,
        -0.0,
        1.0,
        0.0,
        -0.0,
        0.0,
        -1.0,
        -0.0,
        0.0,
        -1.0,
        -0.0,
        0.0,
        -1.0,
        -0.0,
        0.0,
        1.0,
        -0.0,
        0.0,
        1.0,
        -0.0,
        0.0,
        1.0,
        -0.0,
        0.0,
        0.0,
        1.0,
        0.0,
        0.0,
        1.0,
        0.0,
        0.0,
        1.0,
        0.0,
        0.0,
        1.0,
        0.0,
        0.0,
        1.0,
        0.0,
        0.0,
        1.0,
        0.0,
        0.0,
        1.0,
        0.0,
        0.0,
        1.0,
        0.0,
        0.0,
        1.0,
        0.0,
        0.0,
        1.0,
        0.0,
        0.0,
        1.0,
        0.0,
        0.0,
        1.0,
        1.0,
        0.0,
        -0.0,
        1.0,
        0.0,
        -0.0,
        1.0,
        0.0,
        -0.0,
        0.0,
        0.0,
        -1.0,
        0.0,
        0.0,
        -1.0,
        0.0,
        0.0,
        -1.0,
        0.0,
        0.0,
        -1.0,
        0.0,
        0.0,
        -1.0,
        0.0,
        0.0,
        -1.0,
        0.0,
        0.0,
        -1.0,
        0.0,
        0.0,
        -1.0,
        0.0,
        0.0,
        -1.0,
        -1.0,
        0.0,
        -0.0,
        -1.0,
        0.0,
        -0.0,
        -1.0,
        0.0,
        -0.0,
        0.0,
        1.0,
        -0.0,
        0.0,
        1.0,
        -0.0,
        0.0,
        1.0,
        -0.0,
        0.0,
        -1.0,
        -0.0,
        0.0,
        -1.0,
        -0.0,
        0.0,
        -1.0,
        -0.0,
        -1.0,
        0.0,
        -0.0,
        -1.0,
        0.0,
        -0.0,
        -1.0,
        0.0,
        -0.0,
        1.0,
        0.0,
        -0.0,
        1.0,
        0.0,
        -0.0,
        1.0,
        -0.0,
        -0.0,
        0.0,
        -1.0,
        -0.0,
        0.0,
        -1.0,
        -0.0,
        0.0,
        -1.0,
        -0.0,
        0.0,
        1.0,
        -0.0,
        0.0,
        1.0,
        -0.0,
        0.0,
        1.0,
        -0.0
    ],
    "uvs": [
        [
            0.925,
            0.075,
            0.075,
            0.075,
            0.0,
            0.0,
            0.075,
            0.925,
            1.0,
            1.0,
            0.0,
            1.0,
            1.0,
            0.0,
            0.925,
            0.925,
            0.954545,
            1.0,
            0.954545,
            0.0,
            0.045455,
            0.0,
            1.0,
            0.045455,
            0.0,
            0.045455,
            0.0,
            0.954545,
            1.0,
            0.954545,
            0.045455,
            1.0
        ]
    ],