{
    "data":{
        "attributes":{
            "position":{
                "array":[-0.249927,1.17581,0.0500001,1.38331,0.294032,0.0500002,-0.294032,1.38331,0.0500001,0.249927,-1.17581,0.0499999,0.294032,-1.38331,0.0499999,-1.38331,-0.294032,0.0499998,-1.17581,-0.249927,0.0499998,-1.38331,-0.294032,-0.0500002,-0.294032,1.38331,0.0500001,-0.294032,1.38331,-0.0499999,0.249927,-1.17581,-0.0500001,1.38331,0.294032,-0.0499998,0.294032,-1.38331,-0.0500001,1.17581,0.249927,-0.0499998,-1.38331,-0.294032,-0.0500002,-1.17581,-0.249927,-0.0500001,-0.249927,1.17581,-0.0499999,-0.294032,1.38331,-0.0499999,0.294032,-1.38331,0.0499999,1.38331,0.294032,-0.0499998,1.38331,0.294032,0.0500002,-1.38331,-0.294032,-0.0500002,0.294032,-1.38331,0.0499999,-1.38331,-0.294032,0.0499998,-0.294032,1.38331,0.0500001,1.38331,0.294032,-0.0499998,-0.294032,1.38331,-0.0499999,-1.17581,-0.249927,-0.0500001,-0.249927,1.17581,0.0500001,-1.17581,-0.249927,0.0499998,0.249927,-1.17581,0.0499999,1.17581,0.249927,-0.0499998,0.249927,-1.17581,-0.0500001,-1.17581,-0.249927,0.0499998,0.249927,-1.17581,-0.0500001,-1.17581,-0.249927,-0.0500001,1.17581,0.249927,0.0500001,-0.249927,1.17581,-0.0499999,1.17581,0.249927,-0.0499998,1.17581,0.249927,0.0500001,-1.38331,-0.294032,0.0499998,0.294032,-1.38331,-0.0500001,0.294032,-1.38331,-0.0500001,1.38331,0.294032,0.0500002,-0.249927,1.17581,-0.0499999,1.17581,0.249927,0.0500001,0.249927,-1.17581,0.0499999,-0.249927,1.17581,0.0500001],
                "itemSize":3,
                "type":"Float32Array"
            },
            "normal":{
                "array":[0,0,1,0,0,1,0,0,1,0,0,1,0,0,1,0,0,1,0,0,1,-0.838649,0.544633,0,-0.838649,0.544633,0,-0.838649,0.544633,0,0,0,-1,0,0,-0.999969,0,0,-1,0,0,-1,0,0,-0.999969,0,0,-1,0,0,-1,0,0,-1,0.838649,-0.544633,0,0.838649,-0.544633,0,0.838649,-0.544633,0,-0.544633,-0.838649,0,-0.544633,-0.838649,0,-0.544633,-0.838649,0,0.544633,0.838649,0,0.544633,0.838649,0,0.544633,0.838649,0,0.838649,-0.544633,0,0.838649,-0.544633,0,0.838649,-0.544633,0,-0.838649,0.544633,0,-0.838649,0.544633,0,-0.838649,0.544633,0,0.544633,0.838649,0,0.544633,0.838649,0,0.544633,0.838649,0,-0.544633,-0.838649,0,-0.544633,-0.838649,0,-0.544633,-0.838649,0,0,0,1,-0.838649,0.544633,0,0.838649,-0.544633,0,-0.544633,-0.838649,0,0.544633,0.838649,0,0.838649,-0.544633,0,-0.838649,0.544633,0,0.544633,0.838649,0,-0.544633,-0.838649,0],
                "itemSize":3,
                "type":"Float32Array"
            },
            "uv":{
                "array":[0.925,0.075,0,0,1,0,0.075,0.925,0,1,1,1,0.925,0.925,1,1,0,0,1,0,0.925,0.925,1,0,1,1,0.925,0.075,0,1,0.075,0.925,0.075,0.075,0,0,1,1,0,0,1,0,1,1,0,0,1,0,1,1,0,0,1,0,0.954545,1,0.0454545,0,0.0454545,1,0.954545,1,0.0454545,0,0.0454545,1,1,0.0454546,0,0.954545,1,0.954545,0,0.954545,1,0.0454546,0,0.0454546,0.075,0.075,0,1,0,1,0,1,0,1,0.954545,0,0.954545,0,0,0.0454546,1,0.954545],
                "itemSize":2,
                "type":"Float32Array"
            }
        },
        "index":{
            "array":[0,1,2,1,3,4,5,3,6,0,5,6,7,8,9,10,11,12,11,10,13,10,14,15,11,16,17,16,14,17,18,19,20,21,22,23,24,25,26,27,28,29,30,31,32,33,34,35,36,37,38,0,39,1,1,39,3,5,4,3,0,2,5,7,40,8,10,12,14,11,13,16,16,15,14,18,41,19,21,42,22,24,43,25,27,44,28,30,45,31,33,46,34,36,47,37],
            "itemSize":1,
            "type":"Uint16Array"
        }
    },
    "metadata":{
        "position":48,
        "normal":48,
        "uv":48,
        "type":"BufferGeometry",
        "version":3,
        "generator":"io_three"
    }
}