{
    "materials":[{
        "visible":true,
        "wireframe":false,
        "specularCoef":50,
        "transparent":false,
        "DbgIndex":0,
        "blending":1,
        "DbgColor":15658734,
        "DbgName":"Material",
        "depthWrite":true,
        "colorEmissive":[0,0,0],
        "colorDiffuse":[0.64,0.64,0.64],
        "colorSpecular":[0.5,0.5,0.5],
        "shading":"phong",
        "doubleSided":false,
        "opacity":1,
        "depthTest":true
    }],
    "faces":[16,
        4,
        1,
        0,
        0,
        16,
        5,
        2,
        1,
        1,
        16,
        3,
        0,
        2,
        2,
        16,
        7,
        4,
        3,
        3,
        16,
        8,
        5,
        4,
        4,
        16,
        6,
        3,
        5,
        5,
        16,
        10,
        7,
        6,
        6,
        16,
        11,
        8,
        7,
        7,
        16,
        9,
        6,
        8,
        8,
        16,
        1,
        10,
        9,
        9,
        16,
        2,
        11,
        10,
        10,
        16,
        0,
        9,
        11,
        11,
        16,
        3,
        4,
        0,
        12,
        16,
        4,
        5,
        1,
        13,
        16,
        5,
        3,
        2,
        14,
        16,
        6,
        7,
        3,
        15,
        16,
        7,
        8,
        4,
        16,
        16,
        8,
        6,
        5,
        17,
        16,
        9,
        10,
        6,
        18,
        16,
        10,
        11,
        7,
        19,
        16,
        11,
        9,
        8,
        20,
        16,
        0,
        1,
        9,
        21,
        16,
        1,
        2,
        10,
        22,
        16,
        2,
        0,
        11,
        23],
    "normals":[ -0.447214,
        -0.447214,
        0.774597,
        0.707107,
        0.707107,
        0.0,
        -0.447214,
        -0.447214,
        -0.774597,
        0.447214,
        -0.447214,
        0.774597,
        -0.707107,
        0.707107,
        0.0,
        0.447214,
        -0.447214,
        -0.774597,
        0.447214,
        0.447214,
        0.774597,
        -0.707107,
        -0.707107,
        -0.0,
        0.447214,
        0.447214,
        -0.774597,
        -0.447214,
        0.447214,
        0.774597,
        0.707107,
        -0.707107,
        -0.0,
        -0.447214,
        0.447214,
        -0.774597,
        -0.447214,
        -0.447214,
        0.774597,
        0.707107,
        0.707107,
        -0.0,
        -0.447214,
        -0.447214,
        -0.774597,
        0.447214,
        -0.447214,
        0.774597,
        -0.707107,
        0.707107,
        -0.0,
        0.447214,
        -0.447214,
        -0.774597,
        0.447214,
        0.447214,
        0.774597,
        -0.707107,
        -0.707107,
        -0.0,
        0.447214,
        0.447214,
        -0.774597,
        -0.447214,
        0.447214,
        0.774597,
        0.707107,
        -0.707107,
        -0.0,
        -0.447214,
        0.447214,
        -0.774597],
    "metadata":{
        "materials":1,
        "normals":6,
        "vertices":8,
        "type":"Geometry",
        "version":3,
        "faces":6,
        "generator":"io_three"
    },
    "vertices":[ -220.0,
        -0.0,
        0.0,
        -190.0,
        -0.0,
        17.320509,
        -190.0,
        -0.0,
        -17.320509,
        0.0,
        -220.0,
        0.0,
        0.0,
        -190.0,
        17.320509,
        -0.0,
        -190.0,
        -17.320509,
        220.0,
        -0.0,
        -0.0,
        190.0,
        -0.0,
        17.320509,
        190.0,
        -0.0,
        -17.320509,
        0.0,
        220.0,
        -0.0,
        0.0,
        190.0,
        17.320509,
        0.0,
        190.0,
        -17.320509]
}
