{
    "materials":[],
    "faces":[34,19,14,40,0,0,0,0,34,32,46,13,0,1,1,1,34,25,41,45,0,2,2,2,34,21,18,26,0,3,3,3,34,34,31,20,0,4,4,4,34,27,24,30,0,5,5,5,34,16,22,28,0,6,6,6,34,38,35,23,0,7,7,7,34,42,29,33,0,8,8,8,34,12,15,43,0,9,9,9,34,47,37,17,0,10,10,10,34,39,44,36,0,11,11,11,34,3,19,40,0,0,0,0,34,4,32,13,0,1,1,1,34,5,25,45,0,2,2,2,34,6,21,26,0,3,3,3,34,7,34,20,0,4,4,4,34,8,27,30,0,5,5,5,34,9,16,28,0,6,6,6,34,10,38,23,0,7,7,7,34,11,42,33,0,8,8,8,34,0,12,43,0,9,9,9,34,1,47,17,0,10,10,10,34,2,39,36,0,11,11,11],
    "normals":[-0.447188,-0.447188,0.77459,0.707083,0.707083,0,-0.447188,-0.447188,-0.77459,0.447188,-0.447188,0.77459,-0.707083,0.707083,0,0.447188,-0.447188,-0.77459,0.447188,0.447188,0.77459,-0.707083,-0.707083,0,0.447188,0.447188,-0.77459,-0.447188,0.447188,0.77459,0.707083,-0.707083,0,-0.447188,0.447188,-0.77459],
    "metadata":{
        "materials":0,
        "normals":12,
        "vertices":48,
        "type":"Geometry",
        "version":3,
        "faces":24,
        "generator":"io_three"
    },
    "vertices":[-2.2,-1.34711e-16,2.69422e-16,-1.9,-2.06477e-08,0.173205,-1.9,2.06477e-08,-0.173205,0,-2.2,-2.6226e-07,2.12115e-17,-1.9,0.173205,-2.12115e-17,-1.9,-0.173205,2.2,-1.34711e-16,-2.69422e-16,1.9,-2.06477e-08,0.173205,1.9,2.06477e-08,-0.173205,2.69422e-16,2.2,2.6226e-07,2.53894e-16,1.9,0.173205,2.11471e-16,1.9,-0.173205,-1.9,-2.06477e-08,0.173205,-1.9,-2.06477e-08,0.173205,-1.9,-2.06477e-08,0.173205,2.53894e-16,1.9,0.173205,2.53894e-16,1.9,0.173205,2.53894e-16,1.9,0.173205,2.12115e-17,-1.9,0.173205,2.12115e-17,-1.9,0.173205,2.12115e-17,-1.9,0.173205,1.9,-2.06477e-08,0.173205,1.9,-2.06477e-08,0.173205,1.9,-2.06477e-08,0.173205,0,-2.2,-2.6226e-07,0,-2.2,-2.6226e-07,0,-2.2,-2.6226e-07,2.2,-1.34711e-16,-2.69422e-16,2.2,-1.34711e-16,-2.69422e-16,2.2,-1.34711e-16,-2.69422e-16,-2.12115e-17,-1.9,-0.173205,-2.12115e-17,-1.9,-0.173205,-2.12115e-17,-1.9,-0.173205,1.9,2.06477e-08,-0.173205,1.9,2.06477e-08,-0.173205,1.9,2.06477e-08,-0.173205,2.11471e-16,1.9,-0.173205,2.11471e-16,1.9,-0.173205,2.11471e-16,1.9,-0.173205,-2.2,-1.34711e-16,2.69422e-16,-2.2,-1.34711e-16,2.69422e-16,-2.2,-1.34711e-16,2.69422e-16,2.69422e-16,2.2,2.6226e-07,2.69422e-16,2.2,2.6226e-07,2.69422e-16,2.2,2.6226e-07,-1.9,2.06477e-08,-0.173205,-1.9,2.06477e-08,-0.173205,-1.9,2.06477e-08,-0.173205]
}
