{
    "data":{
        "index":{
            "type":"Uint16Array",
            "array":[0,1,2,3,4,5,6,7,8,9,10,11],
            "itemSize":1
        },
        "attributes":{
            "normal":{
                "type":"Float32Array",
                "array":[0.504227,0.408216,-0.760979,0.504227,0.408216,-0.760979,0.504227,0.408216,-0.760979,0.13712,-0.990539,-0.00244148,0.13712,-0.990539,-0.00244148,0.13712,-0.990539,-0.00244148,0.332957,0.380474,0.862758,0.332957,0.380474,0.862758,0.332957,0.380474,0.862758,-0.974364,0.201849,-0.0993072,-0.974364,0.201849,-0.0993072,-0.974364,0.201849,-0.0993072],
                "itemSize":3
            },
            "uv":{
                "type":"Float32Array",
                "array":[1,0,0.5,1,0,0,1,0,0.5,1,0,0,1,0,0.5,1,0,0,1,0,0.5,1,0,0],
                "itemSize":2
            },
            "position":{
                "type":"Float32Array",
                "array":[-0.137146,0.990548,0.00245705,0.974365,-0.201855,0.0993313,-0.33297,-0.380475,-0.862769,0.974365,-0.201855,0.0993313,-0.50425,-0.408217,0.76098,-0.33297,-0.380475,-0.862769,-0.137146,0.990548,0.00245705,-0.50425,-0.408217,0.76098,0.974365,-0.201855,0.0993313,-0.33297,-0.380475,-0.862769,-0.50425,-0.408217,0.76098,-0.137146,0.990548,0.00245705],
                "itemSize":3
            }
        }
    },
    "metadata":{
        "type":"BufferGeometry",
        "uv":12,
        "version":3,
        "position":12,
        "normal":12,
        "generator":"io_three"
    }
}