{
    "faces":[43,24,14,10,46,0,0,1,2,3,0,0,0,0,43,44,46,10,12,0,4,3,2,5,0,0,0,0,43,8,26,44,12,0,6,7,4,5,0,0,0,0,43,8,14,24,26,0,6,1,0,7,0,0,0,0,43,31,28,27,25,0,0,7,4,3,1,1,1,1,42,11,32,34,0,6,0,7,2,2,2,42,32,11,15,0,0,6,1,2,2,2,43,13,11,34,29,0,5,6,7,4,2,2,2,2,43,30,32,15,9,0,3,0,1,2,2,2,2,2,43,30,9,13,29,0,3,2,5,4,2,2,2,2,43,47,45,35,33,0,0,7,4,3,3,3,3,3,43,3,5,7,1,0,0,7,4,3,4,4,4,4,43,0,6,4,2,0,4,3,0,7,5,5,5,5,43,16,21,37,17,0,8,9,10,11,3,3,3,3,43,22,18,19,20,0,8,9,10,11,1,1,1,1,43,39,38,42,43,0,12,13,14,15,5,5,5,5,43,41,40,36,23,0,14,15,12,13,4,4,4,4],
    "materials":[],
    "metadata":{
        "faces":17,
        "materials":0,
        "normals":6,
        "uvs":1,
        "type":"Geometry",
        "version":3,
        "generator":"io_three",
        "vertices":48
    },
    "normals":[0,0,1,-0.999634,0.0261544,0,0,0,-1,0.999634,-0.0261544,0,-0.0261544,-0.999634,0,0.0261544,0.999634,0],
    "vertices":[1.02583,0.97348,0.05,0.97348,-1.02583,0.05,-0.97348,1.02583,0.05,-1.02583,-0.97348,0.05,-0.97348,1.02583,-0.05,-1.02583,-0.97348,-0.05,1.02583,0.97348,-0.05,0.97348,-1.02583,-0.05,-0.871959,-0.827458,0.05,-0.827458,0.871959,-0.05,0.871959,0.827458,0.05,0.827458,-0.871959,-0.05,0.827458,-0.871959,0.05,-0.871959,-0.827458,-0.05,-0.827458,0.871959,0.05,0.871959,0.827458,-0.05,-0.871959,-0.827458,0.05,-0.827458,0.871959,0.05,0.827458,-0.871959,0.05,0.871959,0.827458,0.05,0.871959,0.827458,-0.05,-0.871959,-0.827458,-0.05,0.827458,-0.871959,-0.05,-0.827458,0.871959,-0.05,-0.97348,1.02583,0.05,-0.97348,1.02583,0.05,-1.02583,-0.97348,0.05,-1.02583,-0.97348,0.05,-1.02583,-0.97348,-0.05,-1.02583,-0.97348,-0.05,-0.97348,1.02583,-0.05,-0.97348,1.02583,-0.05,1.02583,0.97348,-0.05,1.02583,0.97348,-0.05,0.97348,-1.02583,-0.05,0.97348,-1.02583,-0.05,-0.827458,0.871959,0.05,-0.827458,0.871959,-0.05,-0.871959,-0.827458,0.05,-0.871959,-0.827458,-0.05,0.871959,0.827458,0.05,0.871959,0.827458,-0.05,0.827458,-0.871959,0.05,0.827458,-0.871959,-0.05,0.97348,-1.02583,0.05,0.97348,-1.02583,0.05,1.02583,0.97348,0.05,1.02583,0.97348,0.05],
    "uvs":[[1,0,0.925,0.075,0.075,0.075,0,0,0,1,0.075,0.925,0.925,0.925,1,1,0.0454545,1,0.954545,1,0.954545,0,0.0454545,0,1,0.954545,1,0.0454546,0,0.0454546,0,0.954545]]
}