{
    "metadata": {
        "formatVersion": 3.1,
        "generatedBy": "Cinema 4D Exporter 0.0.3"
    },
    "vertices": [
        -15.32483,
        106.652284,
        96.294182,
        -9.590263,
        -51.691079,
        85.065216,
        92.413677,
        62.559311,
        29.883307,
        46.512196,
        -8.139,
        -60.844571,
        -79.647719,
        474.548284,
        -32.390576,
        -36.473858,
        69.39342,
        -72.510199,
        -138.2744,
        59.769046,
        -46.36499,
        -98.963482,
        238.328591,
        66.644061,
        41.232407,
        272.119403,
        -30.53543,
        -6.569648,
        684.287408,
        61.477978,
        -78.69944,
        -3.096029,
        -2.464393,
        -0.509838,
        -163.555766,
        8.482547
    ],
    "normals": [
        0.890223,
        0.176906,
        0.41977,
        0.517018,
        0.455364,
        0.724801,
        0.839963,
        0.226684,
        -0.493028,
        0.174404,
        0.143298,
        -0.974192,
        0.370232,
        0.316722,
        -0.873278,
        -0.894077,
        -0.053346,
        0.444726,
        -0.999584,
        0.021063,
        0.01971,
        -0.252508,
        0.016241,
        0.967458,
        -0.737191,
        -0.511623,
        0.441352,
        0.770895,
        -0.215093,
        0.599546,
        0.965308,
        -0.185779,
        -0.183482,
        -0.130292,
        -0.379108,
        -0.916134,
        -0.531112,
        -0.447731,
        -0.719345,
        -0.010889,
        -0.661318,
        -0.750027,
        -0.672185,
        -0.373121,
        0.639491,
        -0.767453,
        -0.365786,
        0.526513,
        -0.419856,
        -0.15862,
        0.893622,
        0.510785,
        0.051718,
        0.858151,
        0.222373,
        0.16499,
        -0.9609,
        -0.262455,
        0.020912,
        -0.964718
    ],
    "uvs": [
        [
            0.5,
            0.0,
            1.0,
            1.0,
            0.0,
            1.0
        ]
    ],
    "faces": [
        24,
        0,
        8,
        9,
        0,
        1,
        2,
        0,
        24,
        0,
        2,
        8,
        0,
        1,
        2,
        1,
        24,
        2,
        3,
        8,
        0,
        1,
        2,
        2,
        24,
        3,
        4,
        8,
        0,
        1,
        2,
        3,
        24,
        4,
        9,
        8,
        0,
        1,
        2,
        4,
        24,
        6,
        9,
        4,
        0,
        1,
        2,
        5,
        24,
        7,
        9,
        6,
        0,
        1,
        2,
        6,
        24,
        7,
        0,
        9,
        0,
        1,
        2,
        7,
        24,
        1,
        10,
        11,
        0,
        1,
        2,
        8,
        24,
        1,
        11,
        2,
        0,
        1,
        2,
        9,
        24,
        11,
        3,
        2,
        0,
        1,
        2,
        10,
        24,
        11,
        5,
        3,
        0,
        1,
        2,
        11,
        24,
        11,
        10,
        5,
        0,
        1,
        2,
        12,
        24,
        10,
        6,
        5,
        0,
        1,
        2,
        13,
        24,
        10,
        7,
        6,
        0,
        1,
        2,
        14,
        24,
        10,
        1,
        7,
        0,
        1,
        2,
        15,
        24,
        0,
        7,
        1,
        0,
        1,
        2,
        16,
        24,
        0,
        1,
        2,
        0,
        1,
        2,
        17,
        24,
        3,
        5,
        4,
        0,
        1,
        2,
        18,
        24,
        5,
        6,
        4,
        0,
        1,
        2,
        19
    ]
}