{
    "metadata": {
        "formatVersion": 3.1,
        "generatedBy": "Cinema 4D Exporter 0.0.3"
    },
    "vertices": [
        -141.123895,
        -9.16767,
        -50.0,
        9.16767,
        -141.123895,
        -50.0,
        141.123895,
        9.16767,
        -50.0,
        -9.16767,
        141.123895,
        -50.0,
        -0.0,
        -0.0,
        50.0
    ],
    "normals": [
        0.0,
        -1.0,
        -0.0,
        0.894427,
        0.447214,
        -0.0,
        0.0,
        0.447214,
        -0.894427,
        -0.894427,
        0.447214,
        -0.0,
        0.0,
        0.447214,
        0.894427,
        0.0,
        -1.0,
        -0.0
    ],
    "uvs": [
        [
            1.0,
            0.0,
            1.0,
            1.0,
            0.0,
            1.0,
            0.0,
            0.0,
            0.5,
            1.0
        ]
    ],
    "faces": [
        24,
        2,
        1,
        0,
        0,
        1,
        2,
        0,
        24,
        1,
        2,
        4,
        3,
        0,
        4,
        1,
        24,
        2,
        3,
        4,
        3,
        0,
        4,
        2,
        24,
        3,
        0,
        4,
        3,
        0,
        4,
        3,
        24,
        0,
        1,
        4,
        3,
        0,
        4,
        4,
        24,
        3,
        2,
        0,
        3,
        0,
        2,
        5
    ]
}