{
    "metadata": {
        "formatVersion": 3.1,
        "generatedBy": "Cinema 4D Exporter 0.0.3"
    },
    "vertices": [
        -43.136669,
        157.68743,
        87.744207,
        -4.292821,
        -57.630169,
        3.28949,
        45.335632,
        277.982178,
        41.238529,
        36.76165,
        206.880234,
        -5.595996,
        1.095185,
        219.850454,
        -89.82519,
        0.0,
        9.070993,
        -33.776295,
        -90.595695,
        177.878876,
        -50.112469,
        -61.567248,
        242.475025,
        -1.06472,
        33.144672,
        487.153389,
        -40.896734,
        9.121536,
        531.655044,
        -10.162385,
        -52.573196,
        -28.388113,
        -43.411953,
        52.573196,
        -28.388113,
        -43.411953
    ],
    "normals": [
        0.813439,
        0.038279,
        0.580389,
        -0.007122,
        0.365133,
        0.930928,
        0.9858,
        -0.008402,
        -0.167715,
        0.91808,
        -0.03785,
        -0.394585,
        -0.595776,
        0.213173,
        -0.774344,
        -0.473379,
        0.229465,
        -0.850446,
        -0.940316,
        0.237523,
        0.243698,
        -0.88611,
        0.229278,
        0.402791,
        0.0,
        -0.84756,
        -0.530699,
        0.67806,
        -0.180823,
        0.712417,
        0.929052,
        0.118755,
        -0.35037,
        -0.07117,
        0.153632,
        -0.985562,
        0.0,
        0.249121,
        -0.968472,
        0.179498,
        0.001131,
        -0.983758,
        -0.77483,
        -0.122684,
        0.620151,
        -0.728772,
        -0.129328,
        0.672432,
        -0.982026,
        -0.187052,
        0.025219,
        0.637353,
        -0.178996,
        0.749494,
        0.908803,
        -0.111623,
        -0.402017,
        -0.288906,
        -0.244622,
        -0.925577
    ],
    "faces": [
        16,
        0,
        8,
        9,
        0,
        16,
        0,
        2,
        8,
        1,
        16,
        2,
        3,
        8,
        2,
        16,
        3,
        4,
        8,
        3,
        16,
        4,
        9,
        8,
        4,
        16,
        6,
        9,
        4,
        5,
        16,
        7,
        9,
        6,
        6,
        16,
        7,
        0,
        9,
        7,
        16,
        1,
        10,
        11,
        8,
        16,
        1,
        11,
        2,
        9,
        16,
        11,
        3,
        2,
        10,
        16,
        11,
        5,
        3,
        11,
        16,
        11,
        10,
        5,
        12,
        16,
        10,
        6,
        5,
        13,
        16,
        10,
        7,
        6,
        14,
        16,
        10,
        1,
        7,
        15,
        16,
        0,
        7,
        1,
        16,
        16,
        0,
        1,
        2,
        17,
        16,
        3,
        5,
        4,
        18,
        16,
        5,
        6,
        4,
        19
    ]
}